{"cameraMode":{"drawMode":0,"name":"Shaded","section":"Shading Mode"},"sceneLighting":false,"audioPlay":false,"sceneViewState":{"m_AlwaysRefresh":false,"showFog":true,"showSkybox":true,"showFlares":true,"showImageEffects":true,"showParticleSystems":true,"showVisualEffectGraphs":true,"m_FxEnabled":true},"in2DMode":false,"pivot":{"x":-2.1591691970825197,"y":-0.015325784683227539,"z":0.9074525833129883},"rotation":{"x":0.002291874261572957,"y":-0.7186744809150696,"z":0.6953405737876892,"w":0.002368875779211521},"size":0.6158645153045654,"orthographic":true}